home,away,book,commence,ml_home,ml_away,spread_home,spread_home_odds,spread_away,spread_away_odds,total,over_odds,under_odds
Dallas Cowboys,Tampa Bay Buccaneers,draftkings,2026-10-09T00:15:00Z,-500,380,-8.5,-120,8.5,100,48.5,-120,100
Dallas Cowboys,Tampa Bay Buccaneers,fanduel,2026-10-09T00:15:00Z,-460,360,-9.5,-102,9.5,-120,48.5,-118,-104
Dallas Cowboys,Tampa Bay Buccaneers,betmgm,2026-10-09T00:15:00Z,-475,375,-9.0,-105,9.0,-105,49.0,-110,-108
Jacksonville Jaguars,Philadelphia Eagles,draftkings,2026-10-11T13:30:00Z,-395,310,-7.5,-108,7.5,-112,41.5,-112,-108
Jacksonville Jaguars,Philadelphia Eagles,fanduel,2026-10-11T13:30:00Z,-390,310,-7.5,-110,7.5,-110,41.5,-115,-105
Jacksonville Jaguars,Philadelphia Eagles,betmgm,2026-10-11T13:30:00Z,-375,290,-7.5,-110,7.5,-108,41.5,-108,-110
Green Bay Packers,Chicago Bears,draftkings,2026-10-11T17:00:00Z,110,-130,2.5,-115,-2.5,-105,45.5,-118,-102
Green Bay Packers,Chicago Bears,fanduel,2026-10-11T17:00:00Z,106,-124,1.5,-110,-1.5,-110,45.5,-110,-110
Green Bay Packers,Chicago Bears,betmgm,2026-10-11T17:00:00Z,105,-130,1.5,-110,-1.5,-108,45.5,-110,-108
Miami Dolphins,Cincinnati Bengals,draftkings,2026-10-11T17:00:00Z,260,-325,6.5,100,-6.5,-120,42.5,-110,-110
Miami Dolphins,Cincinnati Bengals,fanduel,2026-10-11T17:00:00Z,260,-320,6.5,100,-6.5,-122,43.5,-105,-115
Miami Dolphins,Cincinnati Bengals,betmgm,2026-10-11T17:00:00Z,260,-325,7.0,-115,-7.0,-102,43.0,-110,-120
New York Jets,Cleveland Browns,draftkings,2026-10-11T17:00:00Z,-135,114,-2.5,-110,2.5,-110,39.5,-112,-108
New York Jets,Cleveland Browns,fanduel,2026-10-11T17:00:00Z,-134,114,-1.5,-120,1.5,-102,39.5,-115,-105
New York Jets,Cleveland Browns,betmgm,2026-10-11T17:00:00Z,-140,115,-2.0,-110,2.0,-108,39.5,-110,-108
Tennessee Titans,Houston Texans,draftkings,2026-10-11T17:00:00Z,330,-425,7.5,-115,-7.5,-105,37.5,-115,-105
Tennessee Titans,Houston Texans,fanduel,2026-10-11T17:00:00Z,310,-390,7.5,-115,-7.5,-105,37.5,-118,-104
Tennessee Titans,Houston Texans,betmgm,2026-10-11T17:00:00Z,310,-375,7.5,-110,-7.5,-108,38.0,-110,-108
Pittsburgh Steelers,Indianapolis Colts,draftkings,2026-10-11T17:00:00Z,-148,124,-2.5,-118,2.5,-102,44.5,-102,-118
Pittsburgh Steelers,Indianapolis Colts,fanduel,2026-10-11T17:00:00Z,-142,120,-2.5,-110,2.5,-110,44.5,-104,-118
Pittsburgh Steelers,Indianapolis Colts,betmgm,2026-10-11T17:00:00Z,-145,120,-2.5,-112,2.5,-105,44.0,-110,-108
New England Patriots,Las Vegas Raiders,draftkings,2026-10-11T17:00:00Z,-198,164,-3.5,-110,3.5,-110,45.5,-105,-115
New England Patriots,Las Vegas Raiders,fanduel,2026-10-11T17:00:00Z,-198,166,-3.5,-115,3.5,-105,44.5,-118,-104
New England Patriots,Las Vegas Raiders,betmgm,2026-10-11T17:00:00Z,-200,160,-3.5,-110,3.5,-108,45.0,-108,-110
New Orleans Saints,Minnesota Vikings,draftkings,2026-10-11T17:00:00Z,120,-142,2.5,-112,-2.5,-108,41.5,-112,-108
New Orleans Saints,Minnesota Vikings,fanduel,2026-10-11T17:00:00Z,112,-132,1.5,-102,-1.5,-120,42.5,-105,-115
New Orleans Saints,Minnesota Vikings,betmgm,2026-10-11T17:00:00Z,115,-140,2.5,-108,-2.5,-110,41.5,-110,-108
Washington Commanders,New York Giants,draftkings,2026-10-11T17:00:00Z,-192,160,-3.5,-118,3.5,-102,42.5,-105,-115
Washington Commanders,New York Giants,fanduel,2026-10-11T17:00:00Z,-198,166,-3.5,-120,3.5,-102,42.5,-105,-115
Washington Commanders,New York Giants,betmgm,2026-10-11T17:00:00Z,-200,165,-4.0,-110,4.0,-108,41.5,-110,-108
Los Angeles Chargers,Denver Broncos,draftkings,2026-10-11T20:05:00Z,154,-185,3.5,-112,-3.5,-108,41.5,-115,-105
Los Angeles Chargers,Denver Broncos,fanduel,2026-10-11T20:05:00Z,152,-180,3.5,-118,-3.5,-104,42.5,-106,-114
Los Angeles Chargers,Denver Broncos,betmgm,2026-10-11T20:05:00Z,145,-175,3.5,-112,-3.5,-105,41.5,-110,-108
Arizona Cardinals,Detroit Lions,draftkings,2026-10-11T20:25:00Z,210,-258,5.5,-110,-5.5,-110,54.5,-115,-105
Arizona Cardinals,Detroit Lions,fanduel,2026-10-11T20:25:00Z,194,-235,5.5,-118,-5.5,-104,54.5,-108,-112
Arizona Cardinals,Detroit Lions,betmgm,2026-10-11T20:25:00Z,200,-235,5.5,-110,-5.5,-108,54.5,-108,-110
Seattle Seahawks,San Francisco 49ers,draftkings,2026-10-11T20:25:00Z,-162,136,-3.0,-110,3.0,-110,45.5,-115,-105
Seattle Seahawks,San Francisco 49ers,fanduel,2026-10-11T20:25:00Z,-174,146,-3.0,-118,3.0,-104,46.5,-105,-115
Seattle Seahawks,San Francisco 49ers,betmgm,2026-10-11T20:25:00Z,-165,138,-3.0,-118,3.0,-102,46.5,-108,-110
Atlanta Falcons,Baltimore Ravens,draftkings,2026-10-12T00:20:00Z,-170,142,-3.0,-118,3.0,-102,43.5,-115,-105
Atlanta Falcons,Baltimore Ravens,fanduel,2026-10-12T00:20:00Z,-172,144,-3.5,100,3.5,-122,43.5,-114,-106
Atlanta Falcons,Baltimore Ravens,betmgm,2026-10-12T00:20:00Z,-175,145,-3.0,-115,3.0,-102,44.0,-110,-120
Los Angeles Rams,Buffalo Bills,draftkings,2026-10-13T00:15:00Z,-175,145,-3.0,-120,3.0,100,54.5,-118,-102
Los Angeles Rams,Buffalo Bills,fanduel,2026-10-13T00:15:00Z,-176,148,-3.5,-104,3.5,-118,54.5,-110,-110
Los Angeles Rams,Buffalo Bills,betmgm,2026-10-13T00:15:00Z,-175,145,-3.5,100,3.5,-118,54.5,-108,-110
